[
   
      {"User_Name": "Vishal", "Email_Id": "vishal@gmail.com", "Experience":"5", "Number":"7896541230"},
      {"User_Name": "Amit", "Email_Id": "amit@gmail.com", "Experience":"6", "Number":"96541230"},
      {"User_Name": "Niraj", "Email_Id": "niraj@gmail.com", "Experience":"4", "Number":"7796541230"},
      {"User_Name": "Naresh", "Email_Id": "naresh@gmail.com", "Experience":"3", "Number":"9896541230"},
      {"User_Name": "Prashant", "Email_Id": "Prashant@gmail.com", "Experience":"4", "Number":"7896541230"},
      {"User_Name": "Ravi", "Email_Id": "ravi@gmail.com", "Experience":"5", "Number":"7596541230"}



]



